{
    "proposals": {
        "ZLzWRIc-QkQ": {
            "id": "ZLzWRIc-QkQ",
            "chat_id": -1002578226318,
            "proposer_id": 5998617049,
            "proposer_name": "масик",
            "proposer_username": "eeofxnse",
            "target_id": 977352479,
            "target_username": "sv_am",
            "target_name": "Никита",
            "type": "regular",
            "created_at": 1754929785,
            "status": "accepted"
        },
        "iQGSfLdiEKk": {
            "id": "iQGSfLdiEKk",
            "chat_id": -1002578226318,
            "proposer_id": 5275274237,
            "proposer_name": "¹²⁴⁰ марзия вахобова",
            "proposer_username": null,
            "target_id": 8485591723,
            "target_username": "WolfMIREA_bot",
            "target_name": "WolfMIREA",
            "type": "regular",
            "created_at": 1754929906,
            "status": "pending"
        },
        "BvpSez7UKe0": {
            "id": "BvpSez7UKe0",
            "chat_id": -1002578226318,
            "proposer_id": 855655005,
            "proposer_name": "professor",
            "proposer_username": "MolOchKo12",
            "target_id": 702438453,
            "target_username": "iiaasjk",
            "target_name": "☮︎ терияки",
            "type": "regular",
            "created_at": 1754930165,
            "status": "accepted"
        },
        "QOgpXkqzV8Y": {
            "id": "QOgpXkqzV8Y",
            "chat_id": -1002578226318,
            "proposer_id": 5275274237,
            "proposer_name": "¹²⁴⁰ марзия вахобова",
            "proposer_username": null,
            "target_id": 1072997316,
            "target_username": "flihha",
            "target_name": "nsnns🥴🐾",
            "type": "regular",
            "created_at": 1754930376,
            "status": "accepted"
        },
        "e6Jmw2JO9sE": {
            "id": "e6Jmw2JO9sE",
            "chat_id": -1002578226318,
            "proposer_id": 5841941223,
            "proposer_name": ".",
            "proposer_username": null,
            "target_id": 5998617049,
            "target_username": "eeofxnse",
            "target_name": "масик",
            "type": "regular",
            "created_at": 1754933829,
            "status": "accepted"
        },
        "ySJAWO4WZ7s": {
            "id": "ySJAWO4WZ7s",
            "chat_id": -1002578226318,
            "proposer_id": 1076278520,
            "proposer_name": "DanilMini",
            "proposer_username": null,
            "target_id": 977352479,
            "target_username": "sv_am",
            "target_name": "Никита",
            "type": "regular",
            "created_at": 1754933844,
            "status": "declined"
        },
        "2lqdT1Sizro": {
            "id": "2lqdT1Sizro",
            "chat_id": -1002578226318,
            "proposer_id": 977352479,
            "proposer_name": "Никита",
            "proposer_username": "sv_am",
            "target_id": 1078527140,
            "target_username": "vienek",
            "target_name": "︎",
            "type": "regular",
            "created_at": 1754935585,
            "status": "accepted"
        },
        "Rn5sxgvwrp4": {
            "id": "Rn5sxgvwrp4",
            "chat_id": -1002578226318,
            "proposer_id": 1076278520,
            "proposer_name": "DanilMini",
            "proposer_username": null,
            "target_id": 1078527140,
            "target_username": "vienek",
            "target_name": "︎",
            "type": "regular",
            "created_at": 1754935656,
            "status": "pending"
        },
        "Raqmbc-Nksk": {
            "id": "Raqmbc-Nksk",
            "chat_id": -1002578226318,
            "proposer_id": 1198610448,
            "proposer_name": "тёма",
            "proposer_username": "dyqehx",
            "target_id": 376659431,
            "target_username": "platon1108",
            "target_name": "Платон",
            "type": "regular",
            "created_at": 1754936408,
            "status": "accepted"
        },
        "WRTBXgYMQsY": {
            "id": "WRTBXgYMQsY",
            "chat_id": -1002578226318,
            "proposer_id": 1281036021,
            "proposer_name": "викулик",
            "proposer_username": "abgimi",
            "target_id": 1365615433,
            "target_username": "keo0ke",
            "target_name": "keok.e🎚",
            "type": "regular",
            "created_at": 1754936875,
            "status": "accepted"
        },
        "3FEV-vVOOTs": {
            "id": "3FEV-vVOOTs",
            "chat_id": -1002578226318,
            "proposer_id": 986827447,
            "proposer_name": "Камушек",
            "proposer_username": null,
            "target_id": 728969333,
            "target_username": "sutomiz",
            "target_name": "Василиса",
            "type": "regular",
            "created_at": 1754936975,
            "status": "pending"
        },
        "omFLOHRtL-s": {
            "id": "omFLOHRtL-s",
            "chat_id": -1002578226318,
            "proposer_id": 339250369,
            "proposer_name": "Tim Ruk",
            "proposer_username": null,
            "target_id": 2018747942,
            "target_username": "Sh0k0zavr",
            "target_name": "Sh0k0zavr",
            "type": "regular",
            "created_at": 1754939325,
            "status": "pending"
        },
        "1qgdgMe8VOg": {
            "id": "1qgdgMe8VOg",
            "chat_id": -1002812765224,
            "proposer_id": 5841941223,
            "proposer_name": ".",
            "proposer_username": "Senya_Pnk",
            "target_id": null,
            "target_username": "senkpnk",
            "target_name": "@senkpnk",
            "type": "regular",
            "created_at": 1754940969,
            "status": "accepted"
        },
        "H8nJxlm0akM": {
            "id": "H8nJxlm0akM",
            "chat_id": -1002578226318,
            "proposer_id": 986827447,
            "proposer_name": "Камушек",
            "proposer_username": null,
            "target_id": 728969333,
            "target_username": "sutomiz",
            "target_name": "Василиса",
            "type": "regular",
            "created_at": 1754948440,
            "status": "pending"
        },
        "x3Y-PKN7Kqw": {
            "id": "x3Y-PKN7Kqw",
            "chat_id": -1002578226318,
            "proposer_id": 5998617049,
            "proposer_name": "масик",
            "proposer_username": "eeofxnse",
            "target_id": 907347907,
            "target_username": "Kuprko",
            "target_name": "Костя Неильявич",
            "type": "invite_to_family",
            "created_at": 1755008440,
            "status": "accepted"
        },
        "stJbYCvJtQI": {
            "id": "stJbYCvJtQI",
            "chat_id": -1002578226318,
            "proposer_id": 1066044736,
            "proposer_name": "batonchik",
            "proposer_username": "cardorness",
            "target_id": 5841941223,
            "target_username": "Senya_Pnk",
            "target_name": ".",
            "type": "join_family",
            "created_at": 1755008493,
            "status": "pending"
        },
        "ltT8OvSx8P4": {
            "id": "ltT8OvSx8P4",
            "chat_id": -1002578226318,
            "proposer_id": 1066044736,
            "proposer_name": "batonchik",
            "proposer_username": "cardorness",
            "target_id": 5998617049,
            "target_username": "eeofxnse",
            "target_name": "масик",
            "type": "join_family",
            "created_at": 1755008515,
            "status": "accepted"
        },
        "4-T8--JFANw": {
            "id": "4-T8--JFANw",
            "chat_id": -1002578226318,
            "proposer_id": 1365615433,
            "proposer_name": "keok.e🎚",
            "proposer_username": "keo0ke",
            "target_id": 2018747942,
            "target_username": "Sh0k0zavr",
            "target_name": "Sh0k0zavr",
            "type": "invite_to_family",
            "created_at": 1755008596,
            "status": "accepted"
        },
        "g5IEQd9LAM4": {
            "id": "g5IEQd9LAM4",
            "chat_id": -1002578226318,
            "proposer_id": 5998617049,
            "proposer_name": "масик",
            "proposer_username": "eeofxnse",
            "target_id": 1184578059,
            "target_username": "zharnet",
            "target_name": "Жаннет",
            "type": "invite_to_family",
            "created_at": 1755008652,
            "status": "pending"
        },
        "Ur3iTXw3j0c": {
            "id": "Ur3iTXw3j0c",
            "chat_id": -1002578226318,
            "proposer_id": 1169905086,
            "proposer_name": "Rdegon",
            "proposer_username": "Rdegon_Mef",
            "target_id": 380018267,
            "target_username": "BatterB",
            "target_name": "Дмитрий Елизаров",
            "type": "regular",
            "created_at": 1755009923,
            "status": "pending"
        },
        "vBxhPBq77sY": {
            "id": "vBxhPBq77sY",
            "chat_id": -1002578226318,
            "proposer_id": 1169905086,
            "proposer_name": "Rdegon",
            "proposer_username": "Rdegon_Mef",
            "target_id": null,
            "target_username": "Sh0k0zavr",
            "target_name": "@Sh0k0zavr",
            "type": "join_family",
            "created_at": 1755010099,
            "status": "pending"
        },
        "LpPBgVXMSOE": {
            "id": "LpPBgVXMSOE",
            "chat_id": -1002578226318,
            "proposer_id": 1169905086,
            "proposer_name": "Rdegon",
            "proposer_username": "Rdegon_Mef",
            "target_id": null,
            "target_username": "Sh0k0zavr",
            "target_name": "@Sh0k0zavr",
            "type": "join_family",
            "created_at": 1755010100,
            "status": "pending"
        },
        "7AQuCVQTl8o": {
            "id": "7AQuCVQTl8o",
            "chat_id": -1002578226318,
            "proposer_id": 1169905086,
            "proposer_name": "Rdegon",
            "proposer_username": "Rdegon_Mef",
            "target_id": null,
            "target_username": "Sh0k0zavr",
            "target_name": "@Sh0k0zavr",
            "type": "join_family",
            "created_at": 1755010101,
            "status": "pending"
        },
        "iZ-2akyA-WA": {
            "id": "iZ-2akyA-WA",
            "chat_id": -1002578226318,
            "proposer_id": 1169905086,
            "proposer_name": "Rdegon",
            "proposer_username": "Rdegon_Mef",
            "target_id": null,
            "target_username": "Sh0k0zavr",
            "target_name": "@Sh0k0zavr",
            "type": "join_family",
            "created_at": 1755010101,
            "status": "pending"
        },
        "I8KbXF-Vr1Y": {
            "id": "I8KbXF-Vr1Y",
            "chat_id": -1002578226318,
            "proposer_id": 1169905086,
            "proposer_name": "Rdegon",
            "proposer_username": "Rdegon_Mef",
            "target_id": null,
            "target_username": "Sh0k0zavr",
            "target_name": "@Sh0k0zavr",
            "type": "join_family",
            "created_at": 1755010101,
            "status": "pending"
        },
        "-tm9OGi1bM0": {
            "id": "-tm9OGi1bM0",
            "chat_id": -1002578226318,
            "proposer_id": 1169905086,
            "proposer_name": "Rdegon",
            "proposer_username": "Rdegon_Mef",
            "target_id": null,
            "target_username": "Sh0k0zavr",
            "target_name": "@Sh0k0zavr",
            "type": "join_family",
            "created_at": 1755010102,
            "status": "pending"
        },
        "GidkhRZNSH8": {
            "id": "GidkhRZNSH8",
            "chat_id": -1002578226318,
            "proposer_id": 1169905086,
            "proposer_name": "Rdegon",
            "proposer_username": "Rdegon_Mef",
            "target_id": 5841941223,
            "target_username": "Senya_Pnk",
            "target_name": ".",
            "type": "join_family",
            "created_at": 1755010301,
            "status": "accepted"
        },
        "n9XN63Y4noA": {
            "id": "n9XN63Y4noA",
            "chat_id": -1002578226318,
            "proposer_id": 1169905086,
            "proposer_name": "Rdegon",
            "proposer_username": "Rdegon_Mef",
            "target_id": null,
            "target_username": "Rdegon_Mef",
            "target_name": "@Rdegon_Mef",
            "type": "regular",
            "created_at": 1755010301,
            "status": "pending"
        },
        "U1ffMcEgbvU": {
            "id": "U1ffMcEgbvU",
            "chat_id": -1002578226318,
            "proposer_id": 1169905086,
            "proposer_name": "Rdegon",
            "proposer_username": "Rdegon_Mef",
            "target_id": null,
            "target_username": "Rdegon_Mef",
            "target_name": "@Rdegon_Mef",
            "type": "regular",
            "created_at": 1755010302,
            "status": "pending"
        },
        "Hl5xKQ9XueY": {
            "id": "Hl5xKQ9XueY",
            "chat_id": -1002578226318,
            "proposer_id": 1169905086,
            "proposer_name": "Rdegon",
            "proposer_username": "Rdegon_Mef",
            "target_id": null,
            "target_username": "Rdegon_Mef",
            "target_name": "@Rdegon_Mef",
            "type": "regular",
            "created_at": 1755010302,
            "status": "pending"
        },
        "LNxsvrhzAsc": {
            "id": "LNxsvrhzAsc",
            "chat_id": -1002578226318,
            "proposer_id": 1169905086,
            "proposer_name": "Rdegon",
            "proposer_username": "Rdegon_Mef",
            "target_id": null,
            "target_username": "Rdegon_Mef",
            "target_name": "@Rdegon_Mef",
            "type": "regular",
            "created_at": 1755010302,
            "status": "pending"
        },
        "CsL6gXl4Etw": {
            "id": "CsL6gXl4Etw",
            "chat_id": -1002578226318,
            "proposer_id": 1169905086,
            "proposer_name": "Rdegon",
            "proposer_username": "Rdegon_Mef",
            "target_id": null,
            "target_username": "Rdegon_Mef",
            "target_name": "@Rdegon_Mef",
            "type": "regular",
            "created_at": 1755010303,
            "status": "pending"
        },
        "WZJhyFv9tME": {
            "id": "WZJhyFv9tME",
            "chat_id": -1002578226318,
            "proposer_id": 1169905086,
            "proposer_name": "Rdegon",
            "proposer_username": "Rdegon_Mef",
            "target_id": null,
            "target_username": "Rdegon_Mef",
            "target_name": "@Rdegon_Mef",
            "type": "regular",
            "created_at": 1755010303,
            "status": "pending"
        },
        "JIWnEEbVmBk": {
            "id": "JIWnEEbVmBk",
            "chat_id": -1002578226318,
            "proposer_id": 1169905086,
            "proposer_name": "Rdegon",
            "proposer_username": "Rdegon_Mef",
            "target_id": null,
            "target_username": "Rdegon_Mef",
            "target_name": "@Rdegon_Mef",
            "type": "regular",
            "created_at": 1755010304,
            "status": "pending"
        },
        "BKCrKpQLYuM": {
            "id": "BKCrKpQLYuM",
            "chat_id": -1002578226318,
            "proposer_id": 1169905086,
            "proposer_name": "Rdegon",
            "proposer_username": "Rdegon_Mef",
            "target_id": null,
            "target_username": "Rdegon_Mef",
            "target_name": "@Rdegon_Mef",
            "type": "regular",
            "created_at": 1755010306,
            "status": "pending"
        },
        "ZgtoVcaATEw": {
            "id": "ZgtoVcaATEw",
            "chat_id": -1002578226318,
            "proposer_id": 380018267,
            "proposer_name": "Дмитрий Елизаров",
            "proposer_username": "BatterB",
            "target_id": null,
            "target_username": "BatterB",
            "target_name": "@BatterB",
            "type": "regular",
            "created_at": 1755010316,
            "status": "pending"
        },
        "GXqoWYf85jA": {
            "id": "GXqoWYf85jA",
            "chat_id": -1002578226318,
            "proposer_id": 1169905086,
            "proposer_name": "Rdegon",
            "proposer_username": "Rdegon_Mef",
            "target_id": null,
            "target_username": "Rdegon_Mef",
            "target_name": "@Rdegon_Mef",
            "type": "regular",
            "created_at": 1755010378,
            "status": "pending"
        },
        "NoUQeKd9L44": {
            "id": "NoUQeKd9L44",
            "chat_id": -1002578226318,
            "proposer_id": 1169905086,
            "proposer_name": "Rdegon",
            "proposer_username": "Rdegon_Mef",
            "target_id": null,
            "target_username": "Sh0k0zavr",
            "target_name": "@Sh0k0zavr",
            "type": "join_family",
            "created_at": 1755010459,
            "status": "pending"
        },
        "TZxcAJG4P3w": {
            "id": "TZxcAJG4P3w",
            "chat_id": -1002578226318,
            "proposer_id": 1169905086,
            "proposer_name": "Rdegon",
            "proposer_username": "Rdegon_Mef",
            "target_id": null,
            "target_username": "Sh0k0zavr",
            "target_name": "@Sh0k0zavr",
            "type": "join_family",
            "created_at": 1755010461,
            "status": "pending"
        },
        "CnjD6WYQ68k": {
            "id": "CnjD6WYQ68k",
            "chat_id": -1002578226318,
            "proposer_id": 1169905086,
            "proposer_name": "Rdegon",
            "proposer_username": "Rdegon_Mef",
            "target_id": null,
            "target_username": "Sh0k0zavr",
            "target_name": "@Sh0k0zavr",
            "type": "join_family",
            "created_at": 1755010461,
            "status": "pending"
        },
        "cAo-27850hI": {
            "id": "cAo-27850hI",
            "chat_id": -1002578226318,
            "proposer_id": 1169905086,
            "proposer_name": "Rdegon",
            "proposer_username": "Rdegon_Mef",
            "target_id": null,
            "target_username": "Sh0k0zavr",
            "target_name": "@Sh0k0zavr",
            "type": "join_family",
            "created_at": 1755010462,
            "status": "pending"
        },
        "mYwbhLwoZoU": {
            "id": "mYwbhLwoZoU",
            "chat_id": -1002578226318,
            "proposer_id": 1169905086,
            "proposer_name": "Rdegon",
            "proposer_username": "Rdegon_Mef",
            "target_id": null,
            "target_username": "Sh0k0zavr",
            "target_name": "@Sh0k0zavr",
            "type": "join_family",
            "created_at": 1755010462,
            "status": "pending"
        },
        "X4CzGwMjw7s": {
            "id": "X4CzGwMjw7s",
            "chat_id": -1002578226318,
            "proposer_id": 1169905086,
            "proposer_name": "Rdegon",
            "proposer_username": "Rdegon_Mef",
            "target_id": null,
            "target_username": "Sh0k0zavr",
            "target_name": "@Sh0k0zavr",
            "type": "join_family",
            "created_at": 1755010463,
            "status": "pending"
        },
        "bl47ojOfHcQ": {
            "id": "bl47ojOfHcQ",
            "chat_id": -1002578226318,
            "proposer_id": 1169905086,
            "proposer_name": "Rdegon",
            "proposer_username": "Rdegon_Mef",
            "target_id": null,
            "target_username": "Sh0k0zavr",
            "target_name": "@Sh0k0zavr",
            "type": "join_family",
            "created_at": 1755010463,
            "status": "pending"
        },
        "LROPSFlPFpI": {
            "id": "LROPSFlPFpI",
            "chat_id": -1002578226318,
            "proposer_id": 1169905086,
            "proposer_name": "Rdegon",
            "proposer_username": "Rdegon_Mef",
            "target_id": null,
            "target_username": "Sh0k0zavr",
            "target_name": "@Sh0k0zavr",
            "type": "join_family",
            "created_at": 1755010464,
            "status": "pending"
        },
        "z5XIiN2CUT8": {
            "id": "z5XIiN2CUT8",
            "chat_id": -1002578226318,
            "proposer_id": 1169905086,
            "proposer_name": "Rdegon",
            "proposer_username": "Rdegon_Mef",
            "target_id": null,
            "target_username": "Sh0k0zavr",
            "target_name": "@Sh0k0zavr",
            "type": "join_family",
            "created_at": 1755010464,
            "status": "pending"
        },
        "ubKYOPyKPEU": {
            "id": "ubKYOPyKPEU",
            "chat_id": -1002578226318,
            "proposer_id": 1169905086,
            "proposer_name": "Rdegon",
            "proposer_username": "Rdegon_Mef",
            "target_id": null,
            "target_username": "Sh0k0zavr",
            "target_name": "@Sh0k0zavr",
            "type": "join_family",
            "created_at": 1755010465,
            "status": "pending"
        },
        "mDWAMmMo-mI": {
            "id": "mDWAMmMo-mI",
            "chat_id": -1002578226318,
            "proposer_id": 1169905086,
            "proposer_name": "Rdegon",
            "proposer_username": "Rdegon_Mef",
            "target_id": null,
            "target_username": "Sh0k0zavr",
            "target_name": "@Sh0k0zavr",
            "type": "join_family",
            "created_at": 1755010465,
            "status": "pending"
        },
        "RHnZPmD4YTY": {
            "id": "RHnZPmD4YTY",
            "chat_id": -1002578226318,
            "proposer_id": 1169905086,
            "proposer_name": "Rdegon",
            "proposer_username": "Rdegon_Mef",
            "target_id": null,
            "target_username": "Sh0k0zavr",
            "target_name": "@Sh0k0zavr",
            "type": "join_family",
            "created_at": 1755010466,
            "status": "pending"
        },
        "jpyl0Exqs-U": {
            "id": "jpyl0Exqs-U",
            "chat_id": -1002578226318,
            "proposer_id": 1169905086,
            "proposer_name": "Rdegon",
            "proposer_username": "Rdegon_Mef",
            "target_id": null,
            "target_username": "Sh0k0zavr",
            "target_name": "@Sh0k0zavr",
            "type": "join_family",
            "created_at": 1755010466,
            "status": "pending"
        },
        "7UIgHswlIqM": {
            "id": "7UIgHswlIqM",
            "chat_id": -1002578226318,
            "proposer_id": 1169905086,
            "proposer_name": "Rdegon",
            "proposer_username": "Rdegon_Mef",
            "target_id": null,
            "target_username": "Sh0k0zavr",
            "target_name": "@Sh0k0zavr",
            "type": "join_family",
            "created_at": 1755010467,
            "status": "pending"
        },
        "roI690dJM5g": {
            "id": "roI690dJM5g",
            "chat_id": -1002578226318,
            "proposer_id": 1169905086,
            "proposer_name": "Rdegon",
            "proposer_username": "Rdegon_Mef",
            "target_id": null,
            "target_username": "Sh0k0zavr",
            "target_name": "@Sh0k0zavr",
            "type": "join_family",
            "created_at": 1755010467,
            "status": "pending"
        },
        "Lnsuk-c3TW0": {
            "id": "Lnsuk-c3TW0",
            "chat_id": -1002578226318,
            "proposer_id": 1169905086,
            "proposer_name": "Rdegon",
            "proposer_username": "Rdegon_Mef",
            "target_id": null,
            "target_username": "Sh0k0zavr",
            "target_name": "@Sh0k0zavr",
            "type": "join_family",
            "created_at": 1755010468,
            "status": "pending"
        },
        "Pw8FGlwk7mo": {
            "id": "Pw8FGlwk7mo",
            "chat_id": -1002578226318,
            "proposer_id": 1169905086,
            "proposer_name": "Rdegon",
            "proposer_username": "Rdegon_Mef",
            "target_id": null,
            "target_username": "Sh0k0zavr",
            "target_name": "@Sh0k0zavr",
            "type": "join_family",
            "created_at": 1755010468,
            "status": "pending"
        },
        "oSBHuTuNR98": {
            "id": "oSBHuTuNR98",
            "chat_id": -1002578226318,
            "proposer_id": 1169905086,
            "proposer_name": "Rdegon",
            "proposer_username": "Rdegon_Mef",
            "target_id": null,
            "target_username": "Sh0k0zavr",
            "target_name": "@Sh0k0zavr",
            "type": "join_family",
            "created_at": 1755010469,
            "status": "pending"
        },
        "h281ix3VkLk": {
            "id": "h281ix3VkLk",
            "chat_id": -1002578226318,
            "proposer_id": 1169905086,
            "proposer_name": "Rdegon",
            "proposer_username": "Rdegon_Mef",
            "target_id": null,
            "target_username": "Sh0k0zavr",
            "target_name": "@Sh0k0zavr",
            "type": "join_family",
            "created_at": 1755010469,
            "status": "pending"
        },
        "gOGzMJl8pSg": {
            "id": "gOGzMJl8pSg",
            "chat_id": -1002578226318,
            "proposer_id": 1169905086,
            "proposer_name": "Rdegon",
            "proposer_username": "Rdegon_Mef",
            "target_id": null,
            "target_username": "Sh0k0zavr",
            "target_name": "@Sh0k0zavr",
            "type": "join_family",
            "created_at": 1755010470,
            "status": "pending"
        },
        "SZuL1FbBoFQ": {
            "id": "SZuL1FbBoFQ",
            "chat_id": -1002578226318,
            "proposer_id": 1169905086,
            "proposer_name": "Rdegon",
            "proposer_username": "Rdegon_Mef",
            "target_id": null,
            "target_username": "Sh0k0zavr",
            "target_name": "@Sh0k0zavr",
            "type": "join_family",
            "created_at": 1755010470,
            "status": "pending"
        },
        "Patlz2k0lYI": {
            "id": "Patlz2k0lYI",
            "chat_id": -1002578226318,
            "proposer_id": 1169905086,
            "proposer_name": "Rdegon",
            "proposer_username": "Rdegon_Mef",
            "target_id": null,
            "target_username": "Sh0k0zavr",
            "target_name": "@Sh0k0zavr",
            "type": "join_family",
            "created_at": 1755010471,
            "status": "pending"
        },
        "vqRsngMy8hg": {
            "id": "vqRsngMy8hg",
            "chat_id": -1002578226318,
            "proposer_id": 1169905086,
            "proposer_name": "Rdegon",
            "proposer_username": "Rdegon_Mef",
            "target_id": null,
            "target_username": "Sh0k0zavr",
            "target_name": "@Sh0k0zavr",
            "type": "join_family",
            "created_at": 1755010471,
            "status": "pending"
        },
        "G3YTNRDw9o4": {
            "id": "G3YTNRDw9o4",
            "chat_id": -1002578226318,
            "proposer_id": 1169905086,
            "proposer_name": "Rdegon",
            "proposer_username": "Rdegon_Mef",
            "target_id": null,
            "target_username": "Sh0k0zavr",
            "target_name": "@Sh0k0zavr",
            "type": "join_family",
            "created_at": 1755010471,
            "status": "pending"
        },
        "vXn3Pm-QjlY": {
            "id": "vXn3Pm-QjlY",
            "chat_id": -1002578226318,
            "proposer_id": 1169905086,
            "proposer_name": "Rdegon",
            "proposer_username": "Rdegon_Mef",
            "target_id": null,
            "target_username": "Sh0k0zavr",
            "target_name": "@Sh0k0zavr",
            "type": "join_family",
            "created_at": 1755010472,
            "status": "pending"
        },
        "OPzWsY9-Pr8": {
            "id": "OPzWsY9-Pr8",
            "chat_id": -1002578226318,
            "proposer_id": 1169905086,
            "proposer_name": "Rdegon",
            "proposer_username": "Rdegon_Mef",
            "target_id": null,
            "target_username": "Sh0k0zavr",
            "target_name": "@Sh0k0zavr",
            "type": "join_family",
            "created_at": 1755010472,
            "status": "pending"
        },
        "p3ytwwCXYEU": {
            "id": "p3ytwwCXYEU",
            "chat_id": -1002578226318,
            "proposer_id": 1169905086,
            "proposer_name": "Rdegon",
            "proposer_username": "Rdegon_Mef",
            "target_id": null,
            "target_username": "Sh0k0zavr",
            "target_name": "@Sh0k0zavr",
            "type": "join_family",
            "created_at": 1755010476,
            "status": "pending"
        },
        "h5l2uetU8kk": {
            "id": "h5l2uetU8kk",
            "chat_id": -1002578226318,
            "proposer_id": 1169905086,
            "proposer_name": "Rdegon",
            "proposer_username": "Rdegon_Mef",
            "target_id": null,
            "target_username": "Sh0k0zavr",
            "target_name": "@Sh0k0zavr",
            "type": "join_family",
            "created_at": 1755010571,
            "status": "accepted"
        },
        "VkN7398Kx1k": {
            "id": "VkN7398Kx1k",
            "chat_id": -1002578226318,
            "proposer_id": 1169905086,
            "proposer_name": "Rdegon",
            "proposer_username": "Rdegon_Mef",
            "target_id": null,
            "target_username": "Sh0k0zavr",
            "target_name": "@Sh0k0zavr",
            "type": "join_family",
            "created_at": 1755010640,
            "status": "pending"
        },
        "6pBWbVDWPHg": {
            "id": "6pBWbVDWPHg",
            "chat_id": -1002578226318,
            "proposer_id": 1169905086,
            "proposer_name": "Rdegon",
            "proposer_username": "Rdegon_Mef",
            "target_id": null,
            "target_username": "khanov_vk",
            "target_name": "@khanov_vk",
            "type": "regular",
            "created_at": 1755010686,
            "status": "pending"
        },
        "raDNdvfhPj0": {
            "id": "raDNdvfhPj0",
            "chat_id": -1002578226318,
            "proposer_id": 1169905086,
            "proposer_name": "Rdegon",
            "proposer_username": "Rdegon_Mef",
            "target_id": null,
            "target_username": "Rdegon_Mef",
            "target_name": "@Rdegon_Mef",
            "type": "regular",
            "created_at": 1755010700,
            "status": "pending"
        },
        "KK976uvqo4k": {
            "id": "KK976uvqo4k",
            "chat_id": -1002578226318,
            "proposer_id": 1169905086,
            "proposer_name": "Rdegon",
            "proposer_username": "Rdegon_Mef",
            "target_id": null,
            "target_username": "Rdegon_Mef",
            "target_name": "@Rdegon_Mef",
            "type": "regular",
            "created_at": 1755010701,
            "status": "pending"
        },
        "8-VAGM-6tCU": {
            "id": "8-VAGM-6tCU",
            "chat_id": -1002578226318,
            "proposer_id": 1169905086,
            "proposer_name": "Rdegon",
            "proposer_username": "Rdegon_Mef",
            "target_id": null,
            "target_username": "Rdegon_Mef",
            "target_name": "@Rdegon_Mef",
            "type": "regular",
            "created_at": 1755010701,
            "status": "pending"
        },
        "S50ehcRGDMY": {
            "id": "S50ehcRGDMY",
            "chat_id": -1002578226318,
            "proposer_id": 1169905086,
            "proposer_name": "Rdegon",
            "proposer_username": "Rdegon_Mef",
            "target_id": null,
            "target_username": "Rdegon_Mef",
            "target_name": "@Rdegon_Mef",
            "type": "regular",
            "created_at": 1755010701,
            "status": "pending"
        },
        "xo7NxqeCeGo": {
            "id": "xo7NxqeCeGo",
            "chat_id": -1002578226318,
            "proposer_id": 1169905086,
            "proposer_name": "Rdegon",
            "proposer_username": "Rdegon_Mef",
            "target_id": null,
            "target_username": "Rdegon_Mef",
            "target_name": "@Rdegon_Mef",
            "type": "regular",
            "created_at": 1755010701,
            "status": "pending"
        },
        "XeMpq8e2ka0": {
            "id": "XeMpq8e2ka0",
            "chat_id": -1002578226318,
            "proposer_id": 1169905086,
            "proposer_name": "Rdegon",
            "proposer_username": "Rdegon_Mef",
            "target_id": null,
            "target_username": "Rdegon_Mef",
            "target_name": "@Rdegon_Mef",
            "type": "regular",
            "created_at": 1755010702,
            "status": "pending"
        },
        "K-5z2C3MQ6g": {
            "id": "K-5z2C3MQ6g",
            "chat_id": -1002578226318,
            "proposer_id": 1169905086,
            "proposer_name": "Rdegon",
            "proposer_username": "Rdegon_Mef",
            "target_id": null,
            "target_username": "Rdegon_Mef",
            "target_name": "@Rdegon_Mef",
            "type": "regular",
            "created_at": 1755010702,
            "status": "pending"
        },
        "1unkMJxAH7I": {
            "id": "1unkMJxAH7I",
            "chat_id": -1002578226318,
            "proposer_id": 1169905086,
            "proposer_name": "Rdegon",
            "proposer_username": "Rdegon_Mef",
            "target_id": null,
            "target_username": "Rdegon_Mef",
            "target_name": "@Rdegon_Mef",
            "type": "regular",
            "created_at": 1755010703,
            "status": "pending"
        },
        "2-qu9pRYzq4": {
            "id": "2-qu9pRYzq4",
            "chat_id": -1002578226318,
            "proposer_id": 1169905086,
            "proposer_name": "Rdegon",
            "proposer_username": "Rdegon_Mef",
            "target_id": null,
            "target_username": "Rdegon_Mef",
            "target_name": "@Rdegon_Mef",
            "type": "regular",
            "created_at": 1755010703,
            "status": "pending"
        },
        "bmO9F8bs9NQ": {
            "id": "bmO9F8bs9NQ",
            "chat_id": -1002578226318,
            "proposer_id": 1169905086,
            "proposer_name": "Rdegon",
            "proposer_username": "Rdegon_Mef",
            "target_id": null,
            "target_username": "Rdegon_Mef",
            "target_name": "@Rdegon_Mef",
            "type": "regular",
            "created_at": 1755010703,
            "status": "pending"
        },
        "YP6CDbD-CgI": {
            "id": "YP6CDbD-CgI",
            "chat_id": -1002578226318,
            "proposer_id": 1169905086,
            "proposer_name": "Rdegon",
            "proposer_username": "Rdegon_Mef",
            "target_id": null,
            "target_username": "Rdegon_Mef",
            "target_name": "@Rdegon_Mef",
            "type": "regular",
            "created_at": 1755010704,
            "status": "pending"
        },
        "AvVRm6nNFVQ": {
            "id": "AvVRm6nNFVQ",
            "chat_id": -1002578226318,
            "proposer_id": 1169905086,
            "proposer_name": "Rdegon",
            "proposer_username": "Rdegon_Mef",
            "target_id": null,
            "target_username": "Rdegon_Mef",
            "target_name": "@Rdegon_Mef",
            "type": "regular",
            "created_at": 1755010704,
            "status": "pending"
        },
        "eX-7Ax2SX10": {
            "id": "eX-7Ax2SX10",
            "chat_id": -1002578226318,
            "proposer_id": 1169905086,
            "proposer_name": "Rdegon",
            "proposer_username": "Rdegon_Mef",
            "target_id": null,
            "target_username": "Rdegon_Mef",
            "target_name": "@Rdegon_Mef",
            "type": "regular",
            "created_at": 1755010704,
            "status": "pending"
        },
        "G0utj4ZGOHc": {
            "id": "G0utj4ZGOHc",
            "chat_id": -1002578226318,
            "proposer_id": 1169905086,
            "proposer_name": "Rdegon",
            "proposer_username": "Rdegon_Mef",
            "target_id": null,
            "target_username": "Rdegon_Mef",
            "target_name": "@Rdegon_Mef",
            "type": "regular",
            "created_at": 1755010705,
            "status": "pending"
        },
        "QmEOwMawG-c": {
            "id": "QmEOwMawG-c",
            "chat_id": -1002578226318,
            "proposer_id": 1169905086,
            "proposer_name": "Rdegon",
            "proposer_username": "Rdegon_Mef",
            "target_id": null,
            "target_username": "Rdegon_Mef",
            "target_name": "@Rdegon_Mef",
            "type": "regular",
            "created_at": 1755010705,
            "status": "pending"
        },
        "Ne9yfErfrOs": {
            "id": "Ne9yfErfrOs",
            "chat_id": -1002578226318,
            "proposer_id": 1169905086,
            "proposer_name": "Rdegon",
            "proposer_username": "Rdegon_Mef",
            "target_id": null,
            "target_username": "Rdegon_Mef",
            "target_name": "@Rdegon_Mef",
            "type": "regular",
            "created_at": 1755010705,
            "status": "pending"
        },
        "SkT8NSosMAo": {
            "id": "SkT8NSosMAo",
            "chat_id": -1002578226318,
            "proposer_id": 1169905086,
            "proposer_name": "Rdegon",
            "proposer_username": "Rdegon_Mef",
            "target_id": null,
            "target_username": "Rdegon_Mef",
            "target_name": "@Rdegon_Mef",
            "type": "regular",
            "created_at": 1755010706,
            "status": "pending"
        },
        "7mGg7UY-Ntg": {
            "id": "7mGg7UY-Ntg",
            "chat_id": -1002578226318,
            "proposer_id": 1169905086,
            "proposer_name": "Rdegon",
            "proposer_username": "Rdegon_Mef",
            "target_id": null,
            "target_username": "Rdegon_Mef",
            "target_name": "@Rdegon_Mef",
            "type": "regular",
            "created_at": 1755010706,
            "status": "pending"
        },
        "8-hw2yqAE64": {
            "id": "8-hw2yqAE64",
            "chat_id": -1002578226318,
            "proposer_id": 1169905086,
            "proposer_name": "Rdegon",
            "proposer_username": "Rdegon_Mef",
            "target_id": null,
            "target_username": "Rdegon_Mef",
            "target_name": "@Rdegon_Mef",
            "type": "regular",
            "created_at": 1755010706,
            "status": "pending"
        },
        "BYlVvB9TkSk": {
            "id": "BYlVvB9TkSk",
            "chat_id": -1002578226318,
            "proposer_id": 1169905086,
            "proposer_name": "Rdegon",
            "proposer_username": "Rdegon_Mef",
            "target_id": null,
            "target_username": "Rdegon_Mef",
            "target_name": "@Rdegon_Mef",
            "type": "regular",
            "created_at": 1755010707,
            "status": "pending"
        },
        "fe2yX4YJTWQ": {
            "id": "fe2yX4YJTWQ",
            "chat_id": -1002578226318,
            "proposer_id": 1169905086,
            "proposer_name": "Rdegon",
            "proposer_username": "Rdegon_Mef",
            "target_id": null,
            "target_username": "Rdegon_Mef",
            "target_name": "@Rdegon_Mef",
            "type": "regular",
            "created_at": 1755010707,
            "status": "pending"
        },
        "d2lXVHsjvyc": {
            "id": "d2lXVHsjvyc",
            "chat_id": -1002578226318,
            "proposer_id": 1169905086,
            "proposer_name": "Rdegon",
            "proposer_username": "Rdegon_Mef",
            "target_id": null,
            "target_username": "Rdegon_Mef",
            "target_name": "@Rdegon_Mef",
            "type": "regular",
            "created_at": 1755010708,
            "status": "pending"
        },
        "hWUCk0VmlCM": {
            "id": "hWUCk0VmlCM",
            "chat_id": -1002578226318,
            "proposer_id": 1169905086,
            "proposer_name": "Rdegon",
            "proposer_username": "Rdegon_Mef",
            "target_id": null,
            "target_username": "Rdegon_Mef",
            "target_name": "@Rdegon_Mef",
            "type": "regular",
            "created_at": 1755010708,
            "status": "pending"
        },
        "-z4tVdlltao": {
            "id": "-z4tVdlltao",
            "chat_id": -1002578226318,
            "proposer_id": 1169905086,
            "proposer_name": "Rdegon",
            "proposer_username": "Rdegon_Mef",
            "target_id": null,
            "target_username": "Rdegon_Mef",
            "target_name": "@Rdegon_Mef",
            "type": "regular",
            "created_at": 1755010709,
            "status": "pending"
        },
        "Idq-s6RFgv4": {
            "id": "Idq-s6RFgv4",
            "chat_id": -1002578226318,
            "proposer_id": 1169905086,
            "proposer_name": "Rdegon",
            "proposer_username": "Rdegon_Mef",
            "target_id": null,
            "target_username": "Rdegon_Mef",
            "target_name": "@Rdegon_Mef",
            "type": "regular",
            "created_at": 1755010709,
            "status": "pending"
        },
        "8ncD2FE6Qxc": {
            "id": "8ncD2FE6Qxc",
            "chat_id": -1002578226318,
            "proposer_id": 1169905086,
            "proposer_name": "Rdegon",
            "proposer_username": "Rdegon_Mef",
            "target_id": null,
            "target_username": "Rdegon_Mef",
            "target_name": "@Rdegon_Mef",
            "type": "regular",
            "created_at": 1755010710,
            "status": "pending"
        },
        "E3CVKrmj0vM": {
            "id": "E3CVKrmj0vM",
            "chat_id": -1002578226318,
            "proposer_id": 1169905086,
            "proposer_name": "Rdegon",
            "proposer_username": "Rdegon_Mef",
            "target_id": null,
            "target_username": "Rdegon_Mef",
            "target_name": "@Rdegon_Mef",
            "type": "regular",
            "created_at": 1755010710,
            "status": "pending"
        },
        "TCZZfu2y4Wo": {
            "id": "TCZZfu2y4Wo",
            "chat_id": -1002578226318,
            "proposer_id": 1169905086,
            "proposer_name": "Rdegon",
            "proposer_username": "Rdegon_Mef",
            "target_id": null,
            "target_username": "Rdegon_Mef",
            "target_name": "@Rdegon_Mef",
            "type": "regular",
            "created_at": 1755010711,
            "status": "pending"
        },
        "x0kyb8TdmoI": {
            "id": "x0kyb8TdmoI",
            "chat_id": -1002578226318,
            "proposer_id": 1169905086,
            "proposer_name": "Rdegon",
            "proposer_username": "Rdegon_Mef",
            "target_id": null,
            "target_username": "Rdegon_Mef",
            "target_name": "@Rdegon_Mef",
            "type": "regular",
            "created_at": 1755010711,
            "status": "pending"
        },
        "2TrAXqyzo1c": {
            "id": "2TrAXqyzo1c",
            "chat_id": -1002578226318,
            "proposer_id": 1169905086,
            "proposer_name": "Rdegon",
            "proposer_username": "Rdegon_Mef",
            "target_id": null,
            "target_username": "Rdegon_Mef",
            "target_name": "@Rdegon_Mef",
            "type": "regular",
            "created_at": 1755010711,
            "status": "pending"
        },
        "4IYr9OWbhoc": {
            "id": "4IYr9OWbhoc",
            "chat_id": -1002578226318,
            "proposer_id": 1169905086,
            "proposer_name": "Rdegon",
            "proposer_username": "Rdegon_Mef",
            "target_id": null,
            "target_username": "Rdegon_Mef",
            "target_name": "@Rdegon_Mef",
            "type": "regular",
            "created_at": 1755010712,
            "status": "pending"
        },
        "ZmBsoI-vbEA": {
            "id": "ZmBsoI-vbEA",
            "chat_id": -1002578226318,
            "proposer_id": 1169905086,
            "proposer_name": "Rdegon",
            "proposer_username": "Rdegon_Mef",
            "target_id": null,
            "target_username": "Rdegon_Mef",
            "target_name": "@Rdegon_Mef",
            "type": "regular",
            "created_at": 1755010712,
            "status": "pending"
        },
        "tRKx9RDKrEk": {
            "id": "tRKx9RDKrEk",
            "chat_id": -1002578226318,
            "proposer_id": 1169905086,
            "proposer_name": "Rdegon",
            "proposer_username": "Rdegon_Mef",
            "target_id": null,
            "target_username": "Rdegon_Mef",
            "target_name": "@Rdegon_Mef",
            "type": "regular",
            "created_at": 1755010713,
            "status": "pending"
        },
        "R9t5gXRQ9Ls": {
            "id": "R9t5gXRQ9Ls",
            "chat_id": -1002578226318,
            "proposer_id": 1169905086,
            "proposer_name": "Rdegon",
            "proposer_username": "Rdegon_Mef",
            "target_id": null,
            "target_username": "Rdegon_Mef",
            "target_name": "@Rdegon_Mef",
            "type": "regular",
            "created_at": 1755010713,
            "status": "pending"
        },
        "SMopbRkpnQI": {
            "id": "SMopbRkpnQI",
            "chat_id": -1002578226318,
            "proposer_id": 1169905086,
            "proposer_name": "Rdegon",
            "proposer_username": "Rdegon_Mef",
            "target_id": null,
            "target_username": "Rdegon_Mef",
            "target_name": "@Rdegon_Mef",
            "type": "regular",
            "created_at": 1755010714,
            "status": "pending"
        },
        "S8sXZzmg3K0": {
            "id": "S8sXZzmg3K0",
            "chat_id": -1002578226318,
            "proposer_id": 1169905086,
            "proposer_name": "Rdegon",
            "proposer_username": "Rdegon_Mef",
            "target_id": null,
            "target_username": "Rdegon_Mef",
            "target_name": "@Rdegon_Mef",
            "type": "regular",
            "created_at": 1755010714,
            "status": "pending"
        },
        "ib-xeGqE-o4": {
            "id": "ib-xeGqE-o4",
            "chat_id": -1002578226318,
            "proposer_id": 1169905086,
            "proposer_name": "Rdegon",
            "proposer_username": "Rdegon_Mef",
            "target_id": null,
            "target_username": "Rdegon_Mef",
            "target_name": "@Rdegon_Mef",
            "type": "regular",
            "created_at": 1755010714,
            "status": "pending"
        },
        "oJtrZOr07Pw": {
            "id": "oJtrZOr07Pw",
            "chat_id": -1002578226318,
            "proposer_id": 1169905086,
            "proposer_name": "Rdegon",
            "proposer_username": "Rdegon_Mef",
            "target_id": null,
            "target_username": "Rdegon_Mef",
            "target_name": "@Rdegon_Mef",
            "type": "regular",
            "created_at": 1755010715,
            "status": "pending"
        },
        "d3WFsVEluKo": {
            "id": "d3WFsVEluKo",
            "chat_id": -1002578226318,
            "proposer_id": 1169905086,
            "proposer_name": "Rdegon",
            "proposer_username": "Rdegon_Mef",
            "target_id": null,
            "target_username": "Rdegon_Mef",
            "target_name": "@Rdegon_Mef",
            "type": "regular",
            "created_at": 1755010715,
            "status": "pending"
        },
        "O7RpG1nY-iM": {
            "id": "O7RpG1nY-iM",
            "chat_id": -1002578226318,
            "proposer_id": 1169905086,
            "proposer_name": "Rdegon",
            "proposer_username": "Rdegon_Mef",
            "target_id": null,
            "target_username": "Rdegon_Mef",
            "target_name": "@Rdegon_Mef",
            "type": "regular",
            "created_at": 1755010715,
            "status": "pending"
        },
        "N-ORe3PxKro": {
            "id": "N-ORe3PxKro",
            "chat_id": -1002578226318,
            "proposer_id": 1169905086,
            "proposer_name": "Rdegon",
            "proposer_username": "Rdegon_Mef",
            "target_id": null,
            "target_username": "Rdegon_Mef",
            "target_name": "@Rdegon_Mef",
            "type": "regular",
            "created_at": 1755010717,
            "status": "pending"
        },
        "ytZrRyj7lNY": {
            "id": "ytZrRyj7lNY",
            "chat_id": -1002578226318,
            "proposer_id": 1169905086,
            "proposer_name": "Rdegon",
            "proposer_username": "Rdegon_Mef",
            "target_id": null,
            "target_username": "Rdegon_Mef",
            "target_name": "@Rdegon_Mef",
            "type": "regular",
            "created_at": 1755010718,
            "status": "pending"
        },
        "y2QyNeeQdto": {
            "id": "y2QyNeeQdto",
            "chat_id": -1002578226318,
            "proposer_id": 1169905086,
            "proposer_name": "Rdegon",
            "proposer_username": "Rdegon_Mef",
            "target_id": null,
            "target_username": "Rdegon_Mef",
            "target_name": "@Rdegon_Mef",
            "type": "regular",
            "created_at": 1755010719,
            "status": "pending"
        },
        "PO7r-NQ6J6o": {
            "id": "PO7r-NQ6J6o",
            "chat_id": -1002578226318,
            "proposer_id": 1169905086,
            "proposer_name": "Rdegon",
            "proposer_username": "Rdegon_Mef",
            "target_id": null,
            "target_username": "Rdegon_Mef",
            "target_name": "@Rdegon_Mef",
            "type": "regular",
            "created_at": 1755010719,
            "status": "pending"
        },
        "Ta4RnbOXVq4": {
            "id": "Ta4RnbOXVq4",
            "chat_id": -1002578226318,
            "proposer_id": 1169905086,
            "proposer_name": "Rdegon",
            "proposer_username": "Rdegon_Mef",
            "target_id": null,
            "target_username": "Rdegon_Mef",
            "target_name": "@Rdegon_Mef",
            "type": "regular",
            "created_at": 1755010720,
            "status": "pending"
        },
        "kgAcOY5EVmQ": {
            "id": "kgAcOY5EVmQ",
            "chat_id": -1002578226318,
            "proposer_id": 1169905086,
            "proposer_name": "Rdegon",
            "proposer_username": "Rdegon_Mef",
            "target_id": null,
            "target_username": "Rdegon_Mef",
            "target_name": "@Rdegon_Mef",
            "type": "regular",
            "created_at": 1755010720,
            "status": "pending"
        },
        "E5XcNmf6Irw": {
            "id": "E5XcNmf6Irw",
            "chat_id": -1002578226318,
            "proposer_id": 1169905086,
            "proposer_name": "Rdegon",
            "proposer_username": "Rdegon_Mef",
            "target_id": null,
            "target_username": "Rdegon_Mef",
            "target_name": "@Rdegon_Mef",
            "type": "regular",
            "created_at": 1755010720,
            "status": "pending"
        },
        "EkNNvxhIjBo": {
            "id": "EkNNvxhIjBo",
            "chat_id": -1002578226318,
            "proposer_id": 1169905086,
            "proposer_name": "Rdegon",
            "proposer_username": "Rdegon_Mef",
            "target_id": null,
            "target_username": "Rdegon_Mef",
            "target_name": "@Rdegon_Mef",
            "type": "regular",
            "created_at": 1755010721,
            "status": "pending"
        },
        "AxNMdU7EZUc": {
            "id": "AxNMdU7EZUc",
            "chat_id": -1002578226318,
            "proposer_id": 1169905086,
            "proposer_name": "Rdegon",
            "proposer_username": "Rdegon_Mef",
            "target_id": null,
            "target_username": "Rdegon_Mef",
            "target_name": "@Rdegon_Mef",
            "type": "regular",
            "created_at": 1755010725,
            "status": "pending"
        },
        "7YtwSzed2FA": {
            "id": "7YtwSzed2FA",
            "chat_id": -1002578226318,
            "proposer_id": 1169905086,
            "proposer_name": "Rdegon",
            "proposer_username": "Rdegon_Mef",
            "target_id": null,
            "target_username": "BatterB",
            "target_name": "@BatterB",
            "type": "regular",
            "created_at": 1755012313,
            "status": "pending"
        },
        "8ywGvJFuppk": {
            "id": "8ywGvJFuppk",
            "chat_id": -1002578226318,
            "proposer_id": 5841941223,
            "proposer_name": ".",
            "proposer_username": "Senya_Pnk",
            "target_id": 907347907,
            "target_username": "Kuprko",
            "target_name": "Костя Неильявич",
            "type": "regular",
            "created_at": 1755088771,
            "status": "accepted"
        },
        "C9I8LL6Xnz8": {
            "id": "C9I8LL6Xnz8",
            "chat_id": -1002578226318,
            "proposer_id": 1072997316,
            "proposer_name": "nsnns🥴🐾",
            "proposer_username": "flihha",
            "target_id": null,
            "target_username": "Rdegon_Mef",
            "target_name": "@Rdegon_Mef",
            "type": "invite_to_family",
            "created_at": 1755088879,
            "status": "accepted"
        },
        "PHF7IoMQDqI": {
            "id": "PHF7IoMQDqI",
            "chat_id": -1002578226318,
            "proposer_id": 339250369,
            "proposer_name": "Tim Ruk",
            "proposer_username": "lelaksi",
            "target_id": 1338833300,
            "target_username": "Kirmilko",
            "target_name": "𝗞𝗶𝗿𝗺𝗶𝗹 ᕕ( ᐛ )ᕗ",
            "type": "regular",
            "created_at": 1755101242,
            "status": "accepted"
        },
        "2TeOPyBtMBw": {
            "id": "2TeOPyBtMBw",
            "chat_id": -1002578226318,
            "proposer_id": 865595961,
            "proposer_name": "varyaa",
            "proposer_username": "wanizui",
            "target_id": 339250369,
            "target_username": "lelaksi",
            "target_name": "Tim Ruk",
            "type": "join_family",
            "created_at": 1755101904,
            "status": "accepted"
        },
        "H-uV1Jz-gNY": {
            "id": "H-uV1Jz-gNY",
            "chat_id": -1002578226318,
            "proposer_id": 1072997316,
            "proposer_name": "nsnns🥴🐾",
            "proposer_username": "flihha",
            "target_id": 986827447,
            "target_username": "GreenBaboon",
            "target_name": "Камушек",
            "type": "invite_to_family",
            "created_at": 1755115501,
            "status": "accepted"
        },
        "iuudJ5E5EHw": {
            "id": "iuudJ5E5EHw",
            "chat_id": -1002578226318,
            "proposer_id": 5275274237,
            "proposer_name": "¹²⁴⁰ марзия вахобова",
            "proposer_username": null,
            "target_id": 1072997316,
            "target_username": "flihha",
            "target_name": "nsnns🥴🐾",
            "type": "join_family",
            "created_at": 1755167244,
            "status": "accepted"
        }
    },
    "marriages": [
        {
            "chat_id": -1002578226318,
            "members": [
                {
                    "id": 855655005,
                    "name": "professor",
                    "username": "MolOchKo12"
                },
                {
                    "id": 702438453,
                    "name": "☮︎ терияки",
                    "username": "iiaasjk"
                }
            ],
            "since": 1754930197,
            "expanded": false
        },
        {
            "chat_id": -1002578226318,
            "members": [
                {
                    "id": 1072997316,
                    "name": "nsnns🥴🐾",
                    "username": "flihha"
                },
                {
                    "id": 1169905086,
                    "name": "Rdegon",
                    "username": "Rdegon_Mef"
                },
                {
                    "id": 986827447,
                    "name": "Камушек",
                    "username": "GreenBaboon"
                },
                {
                    "id": 5275274237,
                    "name": "¹²⁴⁰ марзия вахобова",
                    "username": null
                }
            ],
            "since": 1754930382,
            "expanded": true
        },
        {
            "chat_id": -1002578226318,
            "members": [
                {
                    "id": 5998617049,
                    "name": "масик",
                    "username": "eeofxnse"
                },
                {
                    "id": 1066044736,
                    "name": "batonchik",
                    "username": "cardorness"
                }
            ],
            "since": 1754933871,
            "expanded": false
        },
        {
            "chat_id": -1002578226318,
            "members": [
                {
                    "id": 977352479,
                    "name": "Никита",
                    "username": "sv_am"
                },
                {
                    "id": 1078527140,
                    "name": "︎",
                    "username": "vienek"
                }
            ],
            "since": 1754936152,
            "expanded": false
        },
        {
            "chat_id": -1002578226318,
            "members": [
                {
                    "id": 1281036021,
                    "name": "викулик",
                    "username": "abgimi"
                },
                {
                    "id": 1365615433,
                    "name": "keok.e🎚",
                    "username": "keo0ke"
                },
                {
                    "id": 2018747942,
                    "name": "Sh0k0zavr",
                    "username": "Sh0k0zavr"
                }
            ],
            "since": 1754936882,
            "expanded": true
        },
        {
            "chat_id": -1002812765224,
            "members": [
                {
                    "id": 5841941223,
                    "name": ".",
                    "username": "Senya_Pnk"
                },
                {
                    "id": 7166339594,
                    "name": ".",
                    "username": "senkpnk"
                }
            ],
            "since": 1754940981,
            "expanded": false
        },
        {
            "chat_id": -1002578226318,
            "members": [
                {
                    "id": 339250369,
                    "name": "Tim Ruk",
                    "username": "lelaksi"
                },
                {
                    "id": 1338833300,
                    "name": "𝗞𝗶𝗿𝗺𝗶𝗹 ᕕ( ᐛ )ᕗ",
                    "username": "Kirmilko"
                },
                {
                    "id": 865595961,
                    "name": "varyaa",
                    "username": "wanizui"
                }
            ],
            "since": 1755101252,
            "expanded": true
        }
    ]
}